{
  "activeNotes": [
    {
      "id": "aa65885d-3f0c-4850-8e76-612758631f43",
      "content": "Transforming DataFrames\r\n\r\n# Inspecting a Dataframe\r\n.head() returns the first few rows (the “head” of the DataFrame).\r\n.info() shows information on each of the columns, such as the data type and number of missing values.\r\n.shape returns the number of rows and columns of the DataFrame.\r\n.describe() calculates a few summary statistics for each column.\r\n.values: A two-dimensional NumPy array of values.\r\n.columns: An index of columns: the column names.\r\n.index: An index for the rows: either row numbers or row names.\r\n\r\n# Sorting\r\n.sort_values(\"variable\")\r\n.sort_values(\"variable\", ascending=False) Sorting in descending order\r\n.sort_values([\"variable_1\", \"variable_2\"]) Sorting by multiple variables\r\n.sort_values([\"variable_1\", \"variable_2\"], ascending=[True, False]) Sorting by multiple variables\r\n\r\n# Subsetting columns\r\ndataframe[\"value\"]\r\ndataframe[[\"value_1\",  \"value_2\"]] Subsetting multiple columns\r\ndataframe[\"value\"] > 50 Subsetting rows\r\ndataframe[dataframe[\"value\"] > 50] Subsetting full rows\r\ndataframe[dataframe[\"value\"] == \"criteria\"] Subsetting based on text data\r\ndataframe[dataframe[\"value_date\"] < \"2015-01-01\"] Subsetting based on dates\r\n\r\n# Subsetting based on multiple conditions\r\nis_value = dataframe[\"variable\"] == \"criteria\"\r\nis_value_2 = dataframe[\"variable\" == \"critera_2\"\r\ndataframe[is_value & is_value_2] \r\n\r\n# Subsetting using .isin()\r\nis_value = dataframe[\"variable\"].isin([\"criteria\", \"criteria_2\"])\r\ndataframe[\"is_value\"]\r\n\r\n#Adding a new column\r\ndataframe[\"variable_new\"] = dataframe[\"variable\"] / 100\r\n\r\n\r\n\r\n\r\n\r\n\r\n\r\n\r\n\r\n\r\n\r\n\r\n\r\n",
      "creationDate": "2022-09-29T03:44:08.872Z",
      "lastModified": "2022-09-29T04:20:47.040Z",
      "markdown": true
    },
    {
      "id": "fa864855-6423-4a85-bd91-00e1ad9ba734",
      "content": "Summary Statistics\r\n\r\n# Summarizing numerical data\r\n.mean()\r\n.median()\r\n.mode()\r\n.min()\r\n.max()\r\n.var()\r\n.std()\r\n.sum()\r\n\r\n.agg() aggregate\r\n.cumsum()\r\n.cummax()\r\n.cummin()\r\n.cumprod()\r\n\r\n# Dropping duplicate values\r\ndataframe.drop_duplicates(subset=\"name\")\r\ndataframe.drop_duplicates(subset=[\"name\", \"breed\"]) dropping duplicate pairs\r\n\r\n# Value Counts\r\ndataframe[\"variable\"].value_counts()\r\n.value_counts(sort=True)\r\n\r\n# Proportions\r\n.value_counts(normalize=True)\r\n\r\n# Grouped Summary Statistics\r\ndataframe.groupby(\"color\")[\"weight_kg\"].mean()\r\ndogs.groupby(\"color\")[\"weight_kg\"].agg([min, max, sum])\r\n\r\n# Grouping by multiple variables\r\ndogs.groupby([\"color\", \"breed\"])[\"weight_kg\"].mean()\r\n\r\n# Many groups, many summaries\r\ndogs.groupby([\"color\", \"breed\"])[[\"weight_kg\", \"height_cm\"]].mean()\r\n\r\n# Pivot Tables\r\ndogs.pivot_table(values=\"weight_kg\", index=\"color\")\r\ndogs.pivot_table(values=\"weight_kg\", index=\"color\", aggfunc=np.median)\r\ndogs.pivot_table(values=\"weight_kg\", index=\"color\", aggfunc=[np.mean, np.median])\r\ndogs.pivot_table(values=\"weight_kg\", index=\"color\", columns=\"breed\")\r\ndogs.pivot_table(values=\"weight_kg\", index=\"color\", columns=\"breed\", fill_value=0)\r\ndogs.pivot_table(values=\"weight_kg\", index=\"color\", columns=\"breed\", fill_value=0, margins=True)\r\n\r\n\r\n\r\n\r\n\r\n",
      "creationDate": "2022-09-30T13:56:41.704Z",
      "lastModified": "2022-10-02T11:41:55.890Z",
      "markdown": true
    },
    {
      "id": "4bcc0917-e1be-402a-a859-621c5aaaa424",
      "content": "Slicing and Indexing Dataframes\r\n\r\n# Setting a column as the index\r\ndogs_ind = dogs.set_index(\"name\")\r\n\r\n# Removing an index\r\ndogs_ind.reset_index()\r\n\r\n# Dropping an index\r\ndogs_ind.reset_index(drop=True)\r\n\r\n# Subsetting\r\ndogs_ind.loc[[\"Bella\", \"Stella\"]]\r\n\r\n# Multi-level indexes aka hierarchical indexes\r\ndogs_ind3 = dogs.set_index([\"breed\", \"color\"])\r\n\r\n# Subset the outer level with a list\r\ndogs_ind3.loc[[\"Labrador\", \"Chihuahua\"]]\r\n\r\n# Subset innter levels with a list of tuples\r\ndogs_ind3.loc[[(\"Labrador\", \"Brown\"), (\"Chihuahua\", \"Tan\")]]\r\n\r\n# Sorting by index values\r\ndogs_ind3.sort_index()\r\ndogs_ind3.sort_index(level=[\"color\", \"breed\"], ascending=[True, False])\r\n\r\n# Slicing and subsetting with .loc and .iloc\r\nbreeds[2:5] slice from 2 to 5\r\nbreeds[:3] slice from beginning to 3\r\nbreeds[:] slice the whole list\r\n\r\n# Sort the index before you slice\r\ndogs_srt = dogs.set_index([\"breed\", \"color\"].sort_index()\r\n# Slicing the outer index level\r\ndogs_srt.loc[\"Chow Chow\":\"Poodle\"]\r\n# Slicing the inner index levels correctly\r\ndogs_srt.loc[(\"Labrador\", \"Brown\"):(\"Schnauzer\", \"Grey\")]\r\n\r\n# Slicing columns\r\ndogs_srt.loc[:, \"name\":\"height_cm\"]\r\n\r\n# Slice Twice\r\ndogs_srt.loc[(\"Labrador\", \"Brown\"):(\"Schnauzer\", \"Grey\"), \"name\":\"height_cm\"]\r\n\r\n# Slice by date\r\ndogs = dogs.set_index(\"Date_of_birth\").sort_index()\r\ndogs.loc[\"2014-08-25\":\"2016-09-16\"]\r\n\r\n# Slice by partial dates\r\ndogs.loc[\"2014\":\"2016\"]\r\n\r\n# Subsetting by row/column number\r\ndogs.iloc[2:5, 1:4]\r\n\r\n# Pivot tables\r\ndogs_height_by_breed_vs_color = dog_pack.pivot_table(\"height_cm\", index=\"breed\", columns=\"color\")\r\ndogs_height_by_breed_vs_color.loc[\"Chow Chow\":\"Poodle\"]\r\ndogs_height_by_breed_vs_color.mean(axis=\"index\")\r\n\r\n# Calculating summary stats across columns\r\ndogs_height_by_breed_vs_color.mean(axis=\"columns\")\r\n",
      "creationDate": "2022-10-02T11:18:50.598Z",
      "lastModified": "2022-10-03T07:51:42.911Z",
      "markdown": true
    },
    {
      "id": "5a02d314-3d82-4e01-9a5a-838580c715eb",
      "content": "Creating and Visualizing DataFrames\r\n\r\n# Histograms\r\ndog_pack[\"height_cm\"].hist()\r\nplt.show()\r\n\r\ndog_pack[\"height_cm\"].hist(bins=20)\r\n\r\n# Bar plots\r\navg_weight.plot(kind=\"bar\")\r\navg_weight.plot(kind=\"bar\", title=\"Mean Weight\")\r\n\r\n# Line plots\r\nsully.plot(x=\"date\", y=\"weight_kg\", kind=\"line\")\r\nsully.plot(x=\"date\", y=\"weight_kg\", kind=\"line\", rot=45)\r\n\r\n# Scatter plots\r\nsully.plot(x=\"height_cm\", y=\"weight_kg\", kind=\"scatter\")\r\n\r\n# Layering Plots\r\ndog_pack[dog_pack[\"sex\"]==\"F\"][\"height_cm\"].hist(alpha=0.7)\r\ndog_pack[dog_pack[\"sex\"]==\"M\"][\"height_cm\"].hist(alpha=0.7)\r\nplt.legend([\"F\", \"M\"])\r\nplt.show()\r\n\r\n# Missing Values\r\n\r\n# Detecting missing values\r\ndogs.isna()\r\n\r\n# Detecting any missing values\r\ndogs.isna().any()\r\n\r\n# Counting missing values\r\ndogs.isna().sum()\r\n\r\n# Plot missing values\r\ndogs.isna().sum().plot(kind=\"bar\")\r\nplt.show\r\n\r\n# Removing missing values\r\ndogs.dropna()\r\n\r\n# Replacing missing values\r\ndogs.fillna(0)\r\n\r\n\r\n\r\n\r\n\r\n\r\n\r\n\r\n\r\n",
      "creationDate": "2022-10-03T11:46:40.827Z",
      "lastModified": "2022-10-04T03:57:27.130Z",
      "markdown": true
    }
  ],
  "trashedNotes": [
    {
      "id": "agtzaW1wbGUtbm90ZXIRCxIETm90ZRiAgIiw4_XyCAw",
      "content": "Welcome to Simplenote\r\n\r\nSimplenote is an easy way to take notes, create to-do lists, capture ideas, and more. Open it, jot down some thoughts, and you're done. Since Simplenote will sync across your devices for free, your notes are with you at all times.\r\n\r\nMarkdown\r\n\r\nUse markdown to add styles to your notes. Select “Markdown” from the note options to enable markdown on your current note. Find out more about using markdown at https://simplenote.com/help/#markdown.\r\n\r\nPinned Notes\r\n\r\nHave a few important notes that you keep coming back to? Pin those notes to the top of your list for easier access.\r\n\r\nTags\r\n\r\nKeep your notes organized by adding tags. Tags work a bit like folders, except there’s no limit to the number of tags you can add per note.\r\n\r\nInternal Links\r\n\r\nReference one note in another. Select “Copy Internal Link” from the note options or type “[“ followed by the title of the note you want to link. Find out more about internal links at https://simplenote.com/help/#internal-links.\r\n\r\nSyncing\r\n\r\nThere is no “Save” button as all your changes are automatically synced and accessible from any platform. Find out more about syncing at https://simplenote.com/help/#syncing.\r\n\r\nSearch\r\n\r\nQuickly find notes using search. To search by tag, type “tag:” in the search bar followed by the name of your tag.\r\n\r\nPublishing\r\n\r\nShare your notes by publishing them online. Select “Publish” from the note options to generate a public link. Find out more about publishing at https://simplenote.com/help/#publish.\r\n\r\n- [ ] write.csv(df)",
      "creationDate": "2022-09-29T03:43:42.063Z",
      "lastModified": "2022-10-02T11:43:35.399Z"
    }
  ]
}